Timestamp,Control Temp,Setpoint
2021-12-10T00:00:00.000,12.5529146194458,12
2021-12-10T00:05:00.000,12.452373504638672,12
2021-12-10T00:15:00.000,12.429974555969238,12
2021-12-10T00:25:00.000,12.615994453430176,12
2021-12-10T00:30:00.000,12.45281982421875,12
2021-12-10T00:35:00.000,12.430595397949219,12
2021-12-10T00:40:00.000,12.420628547668457,12
2021-12-10T00:50:00.000,12.609660148620605,12
2021-12-10T00:55:00.000,12.471781730651855,12
2021-12-10T01:00:00.000,12.403435707092285,12
2021-12-10T01:05:00.000,12.4263916015625,12
2021-12-10T01:15:00.000,12.565038681030273,12
2021-12-10T01:20:00.000,12.466599464416504,12
2021-12-10T01:30:00.000,12.459470748901367,12
2021-12-10T01:35:00.000,12.532066345214844,12
2021-12-10T01:40:00.000,12.649791717529297,12
2021-12-10T01:45:00.000,12.46603012084961,12
2021-12-10T01:50:00.000,12.359559059143066,12
2021-12-10T01:55:00.000,12.535014152526855,12
2021-12-10T02:00:00.000,12.553662300109863,12
2021-12-10T02:05:00.000,12.427831649780273,12
2021-12-10T02:10:00.000,12.475990295410156,12
2021-12-10T02:15:00.000,12.60167121887207,12
2021-12-10T02:20:00.000,12.406352996826172,12
2021-12-10T02:30:00.000,12.575908660888672,12
2021-12-10T02:35:00.000,12.569365501403809,12
2021-12-10T02:40:00.000,12.377328872680664,12
2021-12-10T02:50:00.000,12.536954879760742,12
2021-12-10T02:55:00.000,12.54275894165039,12
2021-12-10T03:00:00.000,12.600257873535156,12
2021-12-10T03:10:00.000,12.360893249511719,12
2021-12-10T03:20:00.000,12.627436637878418,12
2021-12-10T03:25:00.000,12.585779190063477,12
2021-12-10T03:30:00.000,12.39527416229248,12
2021-12-10T03:40:00.000,12.558357238769531,12
2021-12-10T03:45:00.000,12.638757705688477,12
2021-12-10T03:50:00.000,12.528099060058594,12
2021-12-10T03:55:00.000,12.322378158569336,12
2021-12-10T04:00:00.000,12.356170654296875,12
2021-12-10T04:10:00.000,12.66249942779541,12
2021-12-10T04:20:00.000,12.439416885375977,12
2021-12-10T04:30:00.000,12.582334518432617,12
2021-12-10T04:35:00.000,12.511825561523438,12
2021-12-10T04:40:00.000,12.37803840637207,12
2021-12-10T04:45:00.000,12.538263320922852,12
2021-12-10T04:50:00.000,12.536750793457031,12
2021-12-10T04:55:00.000,12.434662818908691,12
2021-12-10T05:00:00.000,12.538909912109375,12
2021-12-10T05:05:00.000,12.546965599060059,12
2021-12-10T05:10:00.000,12.579940795898438,12
2021-12-10T05:15:00.000,12.420358657836914,12
2021-12-10T05:20:00.000,12.327505111694336,12
2021-12-10T05:25:00.000,12.498571395874023,12
2021-12-10T05:35:00.000,12.578227996826172,12
2021-12-10T05:45:00.000,12.393471717834473,12
2021-12-10T05:50:00.000,12.580327987670898,12
2021-12-10T05:55:00.000,12.61293888092041,12
2021-12-10T06:05:00.000,12.434077262878418,12
2021-12-10T06:15:00.000,12.406693458557129,12
2021-12-10T06:25:00.000,12.566933631896973,12
2021-12-10T06:30:00.000,12.552114486694336,12
2021-12-10T06:35:00.000,12.413545608520508,12
2021-12-10T06:45:00.000,12.444433212280273,12
2021-12-10T06:50:00.000,12.604631423950195,12
2021-12-10T06:55:00.000,12.588884353637695,12
2021-12-10T07:00:00.000,12.315433502197266,12
2021-12-10T07:05:00.000,12.48819351196289,20
2021-12-10T07:10:00.000,12.963939666748047,20
2021-12-10T07:15:00.000,14.649975776672363,20
2021-12-10T07:25:00.000,17.964569091796875,20
2021-12-10T07:30:00.000,19.35321044921875,20
2021-12-10T07:35:00.000,19.929622650146484,20
2021-12-10T07:40:00.000,19.67603874206543,20
2021-12-10T07:45:00.000,19.390560150146484,20
2021-12-10T07:50:00.000,19.209686279296875,20
2021-12-10T08:00:00.000,19.59459686279297,20
2021-12-10T08:05:00.000,19.5286808013916,20
2021-12-10T08:15:00.000,19.726455688476562,20
2021-12-10T08:20:00.000,20.217124938964844,20
2021-12-10T08:25:00.000,20.85735511779785,20
2021-12-10T08:35:00.000,20.309843063354492,20
2021-12-10T08:40:00.000,20.332324981689453,20
2021-12-10T08:45:00.000,20.61902618408203,20
2021-12-10T08:50:00.000,20.720369338989258,20
2021-12-10T08:55:00.000,20.549068450927734,20
2021-12-10T09:00:00.000,20.310379028320312,20
2021-12-10T09:10:00.000,20.451995849609375,20
2021-12-10T09:15:00.000,20.512332916259766,20
2021-12-10T09:20:00.000,20.614376068115234,20
2021-12-10T09:25:00.000,20.50774383544922,20
2021-12-10T09:30:00.000,20.648670196533203,20
2021-12-10T09:40:00.000,20.532926559448242,20
2021-12-10T09:45:00.000,20.365276336669922,20
2021-12-10T09:50:00.000,20.443378448486328,20
2021-12-10T09:55:00.000,20.640121459960938,18
2021-12-10T10:00:00.000,19.52006721496582,18
2021-12-10T10:05:00.000,18.112777709960938,18
2021-12-10T10:10:00.000,17.85918617248535,18
2021-12-10T10:20:00.000,18.900827407836914,18
2021-12-10T10:25:00.000,18.207176208496094,18
2021-12-10T10:30:00.000,18.428152084350586,18
2021-12-10T10:35:00.000,18.5711669921875,18
2021-12-10T10:45:00.000,18.477832794189453,18
2021-12-10T10:55:00.000,18.355735778808594,18
2021-12-10T11:05:00.000,18.91493034362793,18
2021-12-10T11:10:00.000,18.110023498535156,18
2021-12-10T11:15:00.000,18.24834442138672,18
2021-12-10T11:20:00.000,18.498886108398438,18
2021-12-10T11:25:00.000,18.48978042602539,18
2021-12-10T11:30:00.000,18.377552032470703,18
2021-12-10T11:35:00.000,18.484195709228516,18
2021-12-10T11:45:00.000,18.749256134033203,18
2021-12-10T11:50:00.000,18.426055908203125,18
2021-12-10T11:55:00.000,18.41206169128418,18
2021-12-10T12:05:00.000,18.40850830078125,18
2021-12-10T12:15:00.000,18.562782287597656,18
2021-12-10T12:20:00.000,18.49269676208496,18
2021-12-10T12:25:00.000,18.367244720458984,18
2021-12-10T12:30:00.000,18.470279693603516,18
2021-12-10T12:35:00.000,18.831226348876953,18
2021-12-10T12:40:00.000,18.136550903320312,18
2021-12-10T12:45:00.000,18.43588638305664,18
2021-12-10T12:50:00.000,18.35578155517578,18
2021-12-10T13:00:00.000,18.366989135742188,18
2021-12-10T13:05:00.000,18.454004287719727,18
2021-12-10T13:10:00.000,18.72545051574707,18
2021-12-10T13:15:00.000,18.6707763671875,18
2021-12-10T13:20:00.000,18.402667999267578,18
2021-12-10T13:25:00.000,18.38159942626953,18
2021-12-10T13:35:00.000,18.369728088378906,18
2021-12-10T13:40:00.000,18.451160430908203,18
2021-12-10T13:50:00.000,18.86290740966797,18
2021-12-10T13:55:00.000,18.569730758666992,18
2021-12-10T14:00:00.000,18.423038482666016,18
2021-12-10T14:05:00.000,18.573942184448242,18
2021-12-10T14:15:00.000,18.580272674560547,18
2021-12-10T14:20:00.000,18.506637573242188,18
2021-12-10T14:25:00.000,18.847457885742188,18
2021-12-10T14:35:00.000,18.110187530517578,18
2021-12-10T14:40:00.000,18.41199493408203,18
2021-12-10T14:45:00.000,18.473743438720703,18
2021-12-10T14:50:00.000,18.603439331054688,18
2021-12-10T14:55:00.000,18.825637817382812,18
2021-12-10T15:00:00.000,18.4569091796875,18
2021-12-10T15:05:00.000,18.38047218322754,18
2021-12-10T15:10:00.000,18.726116180419922,18
2021-12-10T15:15:00.000,18.341215133666992,18
2021-12-10T15:25:00.000,18.329269409179688,18
2021-12-10T15:30:00.000,18.468130111694336,18
2021-12-10T15:35:00.000,18.49409294128418,18
2021-12-10T15:40:00.000,18.574005126953125,18
2021-12-10T15:45:00.000,18.545970916748047,18
2021-12-10T15:50:00.000,18.372142791748047,18
2021-12-10T15:55:00.000,18.399471282958984,18
2021-12-10T16:00:00.000,19.02399444580078,18
2021-12-10T16:05:00.000,18.49195098876953,18
2021-12-10T16:10:00.000,17.987764358520508,18
2021-12-10T16:15:00.000,18.63007354736328,18
2021-12-10T16:20:00.000,18.589393615722656,18
2021-12-10T16:25:00.000,18.571853637695312,18
2021-12-10T16:30:00.000,18.404888153076172,18
2021-12-10T16:40:00.000,18.414779663085938,18
2021-12-10T16:45:00.000,18.528400421142578,18
2021-12-10T16:50:00.000,18.706497192382812,18
2021-12-10T16:55:00.000,18.919727325439453,18
2021-12-10T17:00:00.000,18.478525161743164,18
2021-12-10T17:05:00.000,18.036285400390625,18
2021-12-10T17:10:00.000,18.438520431518555,18
2021-12-10T17:15:00.000,18.79561424255371,18
2021-12-10T17:20:00.000,18.47998046875,18
2021-12-10T17:25:00.000,18.353755950927734,18
2021-12-10T17:30:00.000,18.426746368408203,18
2021-12-10T17:40:00.000,18.657413482666016,18
2021-12-10T17:45:00.000,18.62936782836914,18
2021-12-10T17:50:00.000,18.399934768676758,18
2021-12-10T17:55:00.000,18.321292877197266,18
2021-12-10T18:00:00.000,18.54027557373047,18
2021-12-10T18:10:00.000,18.676433563232422,18
2021-12-10T18:15:00.000,18.42998695373535,18
2021-12-10T18:20:00.000,18.504440307617188,18
2021-12-10T18:25:00.000,18.30646514892578,18
2021-12-10T18:30:00.000,18.496742248535156,18
2021-12-10T18:35:00.000,18.406936645507812,18
2021-12-10T18:40:00.000,18.36563491821289,18
2021-12-10T18:45:00.000,18.56905746459961,18
2021-12-10T18:50:00.000,18.551502227783203,18
2021-12-10T18:55:00.000,18.553611755371094,18
2021-12-10T19:00:00.000,18.493316650390625,18
2021-12-10T19:05:00.000,15.952980995178223,12
2021-12-10T19:15:00.000,14.464529037475586,12
2021-12-10T19:20:00.000,13.042407035827637,12
2021-12-10T19:25:00.000,11.768472671508789,12
2021-12-10T19:30:00.000,11.84549617767334,12
2021-12-10T19:35:00.000,12.645381927490234,12
2021-12-10T19:40:00.000,12.711141586303711,12
2021-12-10T19:45:00.000,12.486228942871094,12
2021-12-10T19:50:00.000,12.378358840942383,12
2021-12-10T19:55:00.000,12.53954029083252,12
2021-12-10T20:00:00.000,12.6132173538208,12
2021-12-10T20:05:00.000,12.421573638916016,12
2021-12-10T20:10:00.000,12.515666961669922,12
2021-12-10T20:15:00.000,12.637700080871582,12
2021-12-10T20:20:00.000,12.358572006225586,12
2021-12-10T20:25:00.000,12.574016571044922,12
2021-12-10T20:30:00.000,12.483470916748047,12
2021-12-10T20:35:00.000,12.369888305664062,12
2021-12-10T20:40:00.000,12.51279067993164,12
2021-12-10T20:45:00.000,12.425271987915039,12
2021-12-10T20:50:00.000,12.5045747756958,12
2021-12-10T20:55:00.000,12.577112197875977,12
2021-12-10T21:00:00.000,12.427104949951172,12
2021-12-10T21:05:00.000,12.494709014892578,12
2021-12-10T21:10:00.000,12.517559051513672,12
2021-12-10T21:15:00.000,12.559803009033203,12
2021-12-10T21:20:00.000,12.311922073364258,12
2021-12-10T21:25:00.000,12.471176147460938,12
2021-12-10T21:35:00.000,12.500505447387695,12
2021-12-10T21:40:00.000,12.450145721435547,12
2021-12-10T21:45:00.000,12.505491256713867,12
2021-12-10T21:50:00.000,12.573081970214844,12
2021-12-10T21:55:00.000,12.60180377960205,12
2021-12-10T22:00:00.000,12.337051391601562,12
2021-12-10T22:05:00.000,12.551441192626953,12
2021-12-10T22:10:00.000,12.562313079833984,12
2021-12-10T22:15:00.000,12.3804349899292,12
2021-12-10T22:20:00.000,12.424967765808105,12
2021-12-10T22:25:00.000,12.601692199707031,12
2021-12-10T22:30:00.000,12.676321029663086,12
2021-12-10T22:35:00.000,12.494653701782227,12
2021-12-10T22:45:00.000,12.318601608276367,12
2021-12-10T22:50:00.000,12.432239532470703,12
2021-12-10T22:55:00.000,12.583810806274414,12
2021-12-10T23:00:00.000,12.668525695800781,12
2021-12-10T23:10:00.000,12.317011833190918,12
2021-12-10T23:15:00.000,12.371623992919922,12
2021-12-10T23:20:00.000,12.567051887512207,12
2021-12-10T23:25:00.000,12.695606231689453,12
2021-12-10T23:30:00.000,12.4722900390625,12
2021-12-10T23:35:00.000,12.452198028564453,12
2021-12-10T23:40:00.000,12.397453308105469,12
2021-12-10T23:45:00.000,12.388017654418945,12
2021-12-10T23:50:00.000,12.581988334655762,12
2021-12-10T23:55:00.000,12.572193145751953,12
2021-12-11T00:00:00.000,12.457375526428223,12
2021-12-11T00:10:00.000,13.425193786621094,15
2021-12-11T00:20:00.000,15.22327709197998,15
2021-12-11T00:25:00.000,15.123050689697266,15
2021-12-11T00:30:00.000,14.988024711608887,15
2021-12-11T00:35:00.000,14.902425765991211,15
2021-12-11T00:45:00.000,14.842981338500977,15
2021-12-11T00:50:00.000,14.847223281860352,15
2021-12-11T01:00:00.000,14.881199836730957,15
2021-12-11T01:05:00.000,14.913751602172852,15
2021-12-11T01:10:00.000,14.942766189575195,15
2021-12-11T01:15:00.000,14.97531509399414,15
2021-12-11T01:20:00.000,15.011392593383789,15
2021-12-11T01:25:00.000,15.062315940856934,15
2021-12-11T01:30:00.000,15.120292663574219,15
2021-12-11T01:35:00.000,15.186738014221191,15
2021-12-11T01:40:00.000,15.258827209472656,15
2021-12-11T01:45:00.000,15.330888748168945,15
2021-12-11T01:50:00.000,15.402915954589844,15
2021-12-11T01:55:00.000,15.479164123535156,15
2021-12-11T02:00:00.000,15.549034118652344,15
2021-12-11T02:05:00.000,15.61324691772461,15
2021-12-11T02:10:00.000,15.661919593811035,15
2021-12-11T02:15:00.000,15.691546440124512,15
2021-12-11T02:20:00.000,15.516695022583008,15
2021-12-11T02:25:00.000,15.254729270935059,15
2021-12-11T02:30:00.000,15.194666862487793,15
2021-12-11T02:35:00.000,15.188311576843262,15
2021-12-11T02:40:00.000,15.211627960205078,15
2021-12-11T02:45:00.000,15.239873886108398,15
2021-12-11T02:50:00.000,15.270942687988281,15
2021-12-11T02:55:00.000,15.306248664855957,15
2021-12-11T03:00:00.000,15.333780288696289,15
2021-12-11T03:05:00.000,15.360605239868164,15
2021-12-11T03:10:00.000,15.383193969726562,15
2021-12-11T03:15:00.000,15.404369354248047,15
2021-12-11T03:20:00.000,15.424838066101074,15
2021-12-11T03:25:00.000,15.440362930297852,15
2021-12-11T03:30:00.000,15.455185890197754,15
2021-12-11T03:35:00.000,15.463651657104492,15
2021-12-11T03:45:00.000,15.482007026672363,15
2021-12-11T03:50:00.000,15.490472793579102,15
2021-12-11T04:00:00.000,15.503872871398926,15
2021-12-11T04:05:00.000,15.51799201965332,15
2021-12-11T04:10:00.000,15.52928352355957,15
2021-12-11T04:15:00.000,15.549745559692383,15
2021-12-11T04:20:00.000,15.577966690063477,15
2021-12-11T04:25:00.000,15.618891716003418,15
2021-12-11T04:30:00.000,15.664033889770508,15
2021-12-11T04:35:00.000,15.619571685791016,15
2021-12-11T04:40:00.000,15.33083438873291,15
2021-12-11T04:45:00.000,15.260904312133789,15
2021-12-11T04:50:00.000,15.280707359313965,15
2021-12-11T04:55:00.000,15.34499454498291,15
2021-12-11T05:00:00.000,15.427613258361816,15
2021-12-11T05:05:00.000,15.515853881835938,15
2021-12-11T05:10:00.000,15.59347915649414,15
2021-12-11T05:15:00.000,15.664722442626953,15
2021-12-11T05:20:00.000,15.726080894470215,15
2021-12-11T05:25:00.000,15.311952590942383,15
2021-12-11T05:30:00.000,15.24978256225586,15
2021-12-11T05:35:00.000,15.291472434997559,15
2021-12-11T05:40:00.000,15.36421012878418,15
2021-12-11T05:50:00.000,15.496185302734375,15
2021-12-11T05:55:00.000,15.552628517150879,15
2021-12-11T06:05:00.000,15.664074897766113,15
2021-12-11T06:10:00.000,15.559627532958984,15
2021-12-11T06:20:00.000,15.384586334228516,15
2021-12-11T06:25:00.000,15.49258804321289,15
2021-12-11T06:30:00.000,15.623854637145996,15
2021-12-11T06:35:00.000,15.717037200927734,15
2021-12-11T06:45:00.000,15.294658660888672,15
2021-12-11T06:50:00.000,15.554503440856934,15
2021-12-11T06:55:00.000,15.725358963012695,15
2021-12-11T07:00:00.000,15.554048538208008,15
2021-12-11T07:05:00.000,15.332420349121094,18
2021-12-11T07:10:00.000,15.668388366699219,18
2021-12-11T07:15:00.000,17.007150650024414,18
2021-12-11T07:20:00.000,18.201122283935547,18
2021-12-11T07:25:00.000,18.482906341552734,18
2021-12-11T07:35:00.000,19.0029239654541,18
2021-12-11T07:40:00.000,18.41071891784668,18
2021-12-11T07:45:00.000,18.38197898864746,18
2021-12-11T07:50:00.000,18.606950759887695,18
2021-12-11T07:55:00.000,18.288070678710938,18
2021-12-11T08:05:00.000,18.64339256286621,18
2021-12-11T08:10:00.000,18.52214813232422,18
2021-12-11T08:15:00.000,18.566295623779297,18
2021-12-11T08:20:00.000,18.634281158447266,18
2021-12-11T08:30:00.000,18.308961868286133,18
2021-12-11T08:40:00.000,18.716304779052734,18
2021-12-11T08:45:00.000,18.48701286315918,18
2021-12-11T08:50:00.000,18.376178741455078,18
2021-12-11T08:55:00.000,18.44000244140625,18
2021-12-11T09:00:00.000,18.611129760742188,18
2021-12-11T09:05:00.000,18.307409286499023,18
2021-12-11T09:10:00.000,18.628664016723633,18
2021-12-11T09:15:00.000,18.838359832763672,18
2021-12-11T09:20:00.000,18.29047393798828,18
2021-12-11T09:25:00.000,18.380990982055664,18
2021-12-11T09:30:00.000,18.52553939819336,18
2021-12-11T09:35:00.000,18.55921745300293,18
2021-12-11T09:40:00.000,18.320674896240234,18
2021-12-11T09:45:00.000,18.616737365722656,18
2021-12-11T09:55:00.000,18.591489791870117,18
2021-12-11T10:00:00.000,18.468734741210938,18
2021-12-11T10:05:00.000,18.656017303466797,18
2021-12-11T10:10:00.000,18.85601234436035,18
2021-12-11T10:15:00.000,17.946239471435547,18
2021-12-11T10:20:00.000,18.2630615234375,18
2021-12-11T10:25:00.000,18.94440460205078,18
2021-12-11T10:30:00.000,18.428634643554688,18
2021-12-11T10:35:00.000,18.176637649536133,18
2021-12-11T10:40:00.000,18.588672637939453,18
2021-12-11T10:45:00.000,18.630067825317383,18
2021-12-11T10:50:00.000,18.585895538330078,18
2021-12-11T10:55:00.000,18.696674346923828,18
2021-12-11T11:00:00.000,18.52841567993164,18
2021-12-11T11:05:00.000,18.344032287597656,18
2021-12-11T11:10:00.000,18.68404769897461,18
2021-12-11T11:15:00.000,18.406455993652344,18
2021-12-11T11:20:00.000,18.325801849365234,18
2021-12-11T11:30:00.000,18.459739685058594,18
2021-12-11T11:35:00.000,18.679141998291016,18
2021-12-11T11:40:00.000,18.75907325744629,18
2021-12-11T11:45:00.000,18.078105926513672,18
2021-12-11T11:50:00.000,18.468111038208008,18
2021-12-11T11:55:00.000,18.919601440429688,18
2021-12-11T12:00:00.000,18.11180877685547,18
2021-12-11T12:05:00.000,18.841827392578125,18
2021-12-11T12:15:00.000,18.284984588623047,18
2021-12-11T12:20:00.000,18.68972396850586,18
2021-12-11T12:25:00.000,18.320465087890625,18
2021-12-11T12:35:00.000,18.84999656677246,18
2021-12-11T12:40:00.000,18.46717071533203,18
2021-12-11T12:45:00.000,18.197368621826172,18
2021-12-11T12:50:00.000,18.631542205810547,18
2021-12-11T12:55:00.000,18.54302978515625,18
2021-12-11T13:00:00.000,18.166345596313477,18
2021-12-11T13:05:00.000,18.597827911376953,18
2021-12-11T13:10:00.000,18.572538375854492,18
2021-12-11T13:15:00.000,18.727745056152344,18
2021-12-11T13:25:00.000,18.35684585571289,18
2021-12-11T13:30:00.000,18.566925048828125,18
2021-12-11T13:35:00.000,18.271183013916016,18
2021-12-11T13:40:00.000,18.550071716308594,18
2021-12-11T13:45:00.000,18.607650756835938,18
2021-12-11T13:50:00.000,18.74036407470703,18
2021-12-11T13:55:00.000,18.1580753326416,18
2021-12-11T14:00:00.000,18.401885986328125,18
2021-12-11T14:05:00.000,18.61817741394043,18
2021-12-11T14:10:00.000,18.34503173828125,18
2021-12-11T14:15:00.000,18.5367374420166,18
2021-12-11T14:20:00.000,18.67082405090332,18
2021-12-11T14:25:00.000,18.477067947387695,18
2021-12-11T14:30:00.000,18.269397735595703,18
2021-12-11T14:35:00.000,18.591487884521484,18
2021-12-11T14:40:00.000,18.99051284790039,18
2021-12-11T14:45:00.000,18.266056060791016,18
2021-12-11T14:50:00.000,18.2569580078125,18
2021-12-11T14:55:00.000,18.607635498046875,18
2021-12-11T15:00:00.000,18.817955017089844,18
2021-12-11T15:05:00.000,18.13425636291504,18
2021-12-11T15:10:00.000,18.34680938720703,18
2021-12-11T15:15:00.000,18.77448844909668,18
2021-12-11T15:20:00.000,18.390262603759766,18
2021-12-11T15:25:00.000,18.487733840942383,18
2021-12-11T15:30:00.000,18.31737518310547,18
2021-12-11T15:35:00.000,18.925952911376953,18
2021-12-11T15:40:00.000,18.442035675048828,18
2021-12-11T15:45:00.000,18.23141860961914,18
2021-12-11T15:50:00.000,18.51287841796875,18
2021-12-11T15:55:00.000,18.63290786743164,18
2021-12-11T16:00:00.000,18.526906967163086,18
2021-12-11T16:05:00.000,18.285348892211914,18
2021-12-11T16:10:00.000,18.814010620117188,18
2021-12-11T16:20:00.000,18.218544006347656,18
2021-12-11T16:25:00.000,18.472129821777344,18
2021-12-11T16:30:00.000,18.619598388671875,18
2021-12-11T16:40:00.000,18.19384002685547,18
2021-12-11T16:45:00.000,18.599933624267578,18
2021-12-11T16:50:00.000,18.319629669189453,18
2021-12-11T16:55:00.000,18.483318328857422,18
2021-12-11T17:00:00.000,18.141204833984375,18
2021-12-11T17:05:00.000,18.524093627929688,18
2021-12-11T17:10:00.000,18.382259368896484,18
2021-12-11T17:20:00.000,18.452495574951172,18
2021-12-11T17:25:00.000,18.28878402709961,18
2021-12-11T17:30:00.000,18.7186279296875,18
2021-12-11T17:35:00.000,18.519817352294922,18
2021-12-11T17:40:00.000,18.21268081665039,18
2021-12-11T17:45:00.000,18.652633666992188,18
2021-12-11T17:50:00.000,18.27813720703125,18
2021-12-11T17:55:00.000,18.661048889160156,18
2021-12-11T18:00:00.000,18.353282928466797,18
2021-12-11T18:10:00.000,18.561992645263672,18
2021-12-11T18:15:00.000,18.453105926513672,18
2021-12-11T18:20:00.000,18.590803146362305,18
2021-12-11T18:25:00.000,18.623807907104492,18
2021-12-11T18:30:00.000,18.413043975830078,18
2021-12-11T18:35:00.000,18.772132873535156,18
2021-12-11T18:40:00.000,18.334766387939453,18
2021-12-11T18:50:00.000,18.36581802368164,18
2021-12-11T18:55:00.000,18.33155059814453,18
2021-12-11T19:00:00.000,18.127113342285156,15
2021-12-11T19:05:00.000,16.681835174560547,15
2021-12-11T19:10:00.000,15.035058975219727,15
2021-12-11T19:15:00.000,14.78563404083252,15
2021-12-11T19:20:00.000,15.736798286437988,15
2021-12-11T19:25:00.000,15.556255340576172,15
2021-12-11T19:35:00.000,15.326631546020508,15
2021-12-11T19:40:00.000,15.582438468933105,15
2021-12-11T19:45:00.000,15.495040893554688,15
2021-12-11T19:50:00.000,15.596905708312988,15
2021-12-11T19:55:00.000,15.201088905334473,15
2021-12-11T20:00:00.000,15.36569595336914,15
2021-12-11T20:05:00.000,15.633463859558105,15
2021-12-11T20:10:00.000,15.51727294921875,15
2021-12-11T20:15:00.000,15.562278747558594,15
2021-12-11T20:20:00.000,15.533746719360352,15
2021-12-11T20:25:00.000,15.38271427154541,15
2021-12-11T20:30:00.000,15.118968963623047,15
2021-12-11T20:35:00.000,15.334267616271973,15
2021-12-11T20:40:00.000,15.604292869567871,15
2021-12-11T20:50:00.000,15.65401840209961,15
2021-12-11T20:55:00.000,15.46157169342041,15
2021-12-11T21:00:00.000,15.506095886230469,15
2021-12-11T21:10:00.000,15.634529113769531,15
2021-12-11T21:15:00.000,15.272374153137207,15
2021-12-11T21:20:00.000,15.303443908691406,15
2021-12-11T21:25:00.000,15.44325065612793,15
2021-12-11T21:30:00.000,15.623184204101562,15
2021-12-11T21:35:00.000,15.817081451416016,15
2021-12-11T21:40:00.000,15.452439308166504,15
2021-12-11T21:45:00.000,15.400219917297363,15
2021-12-11T21:50:00.000,15.508240699768066,15
2021-12-11T21:55:00.000,15.496227264404297,15
2021-12-11T22:00:00.000,15.429876327514648,15
2021-12-11T22:05:00.000,15.397382736206055,15
2021-12-11T22:15:00.000,15.513128280639648,15
2021-12-11T22:20:00.000,15.653511047363281,15
2021-12-11T22:25:00.000,15.318970680236816,15
2021-12-11T22:30:00.000,15.422820091247559,15
2021-12-11T22:35:00.000,15.554813385009766,15
2021-12-11T22:45:00.000,15.683181762695312,15
2021-12-11T22:50:00.000,15.205236434936523,15
2021-12-11T22:55:00.000,15.2822265625,15
2021-12-11T23:00:00.000,15.413566589355469,15
2021-12-11T23:05:00.000,15.523670196533203,15
2021-12-11T23:10:00.000,15.627376556396484,15
2021-12-11T23:15:00.000,15.678876876831055,15
2021-12-11T23:20:00.000,15.53993034362793,15
2021-12-11T23:25:00.000,15.426336288452148,15
2021-12-11T23:35:00.000,15.434087753295898,15
2021-12-11T23:40:00.000,15.53709602355957,15
2021-12-11T23:50:00.000,15.484831809997559,15
2021-12-12T00:00:00.000,15.503883361816406,15
2021-12-12T00:05:00.000,13.456022262573242,12
2021-12-12T00:10:00.000,11.674089431762695,12
2021-12-12T00:15:00.000,11.48197078704834,12
2021-12-12T00:20:00.000,11.803290367126465,12
2021-12-12T00:25:00.000,12.19680404663086,12
2021-12-12T00:30:00.000,12.569485664367676,12
2021-12-12T00:35:00.000,12.88441276550293,12
2021-12-12T00:40:00.000,12.715147972106934,12
2021-12-12T00:50:00.000,12.31706428527832,12
2021-12-12T00:55:00.000,12.55344009399414,12
2021-12-12T01:00:00.000,12.610891342163086,12
2021-12-12T01:05:00.000,12.576556205749512,12
2021-12-12T01:10:00.000,12.417859077453613,12
2021-12-12T01:20:00.000,12.36247444152832,12
2021-12-12T01:25:00.000,12.408472061157227,12
2021-12-12T01:30:00.000,12.72438907623291,12
2021-12-12T01:35:00.000,12.473901748657227,12
2021-12-12T01:45:00.000,12.363046646118164,12
2021-12-12T01:50:00.000,12.494779586791992,12
2021-12-12T01:55:00.000,12.458124160766602,12
2021-12-12T02:00:00.000,12.496912002563477,12
2021-12-12T02:05:00.000,12.563007354736328,12
2021-12-12T02:15:00.000,12.588085174560547,12
2021-12-12T02:20:00.000,12.376838684082031,12
2021-12-12T02:25:00.000,12.34090518951416,12
2021-12-12T02:30:00.000,12.406343460083008,12
2021-12-12T02:35:00.000,12.526338577270508,12
2021-12-12T02:40:00.000,12.668452262878418,12
2021-12-12T02:45:00.000,12.777493476867676,12
2021-12-12T02:50:00.000,12.388280868530273,12
2021-12-12T03:00:00.000,12.345834732055664,12
2021-12-12T03:05:00.000,12.617609024047852,12
2021-12-12T03:15:00.000,12.593868255615234,12
2021-12-12T03:20:00.000,12.355878829956055,12
2021-12-12T03:25:00.000,12.35003662109375,12
2021-12-12T03:30:00.000,12.45352554321289,12
2021-12-12T03:35:00.000,12.572739601135254,12
2021-12-12T03:40:00.000,12.657514572143555,12
2021-12-12T03:45:00.000,12.494044303894043,12
2021-12-12T03:55:00.000,12.476812362670898,12
2021-12-12T04:00:00.000,12.439403533935547,12
2021-12-12T04:05:00.000,12.546422958374023,12
2021-12-12T04:10:00.000,12.630373001098633,12
2021-12-12T04:15:00.000,12.521299362182617,12
2021-12-12T04:20:00.000,12.37399673461914,12
2021-12-12T04:25:00.000,12.446611404418945,12
2021-12-12T04:30:00.000,12.458059310913086,12
2021-12-12T04:35:00.000,12.519088745117188,12
2021-12-12T04:40:00.000,12.635393142700195,12
2021-12-12T04:50:00.000,12.586559295654297,12
2021-12-12T04:55:00.000,12.332695007324219,12
2021-12-12T05:00:00.000,12.282251358032227,12
2021-12-12T05:05:00.000,12.369266510009766,12
2021-12-12T05:10:00.000,12.609963417053223,12
2021-12-12T05:15:00.000,12.667526245117188,12
2021-12-12T05:25:00.000,12.53172779083252,12
2021-12-12T05:30:00.000,12.507230758666992,12
2021-12-12T05:35:00.000,12.48366641998291,12
2021-12-12T05:40:00.000,12.464214324951172,12
2021-12-12T05:45:00.000,12.425519943237305,12
2021-12-12T05:55:00.000,12.512459754943848,12
2021-12-12T06:05:00.000,12.479936599731445,12
2021-12-12T06:10:00.000,12.444748878479004,12
2021-12-12T06:15:00.000,12.459186553955078,12
2021-12-12T06:20:00.000,12.5008544921875,12
2021-12-12T06:25:00.000,12.569917678833008,12
2021-12-12T06:30:00.000,12.60362720489502,12
2021-12-12T06:35:00.000,12.592973709106445,12
2021-12-12T06:40:00.000,12.528533935546875,12
2021-12-12T06:45:00.000,12.45792007446289,12
2021-12-12T06:50:00.000,12.408607482910156,12
2021-12-12T06:55:00.000,12.69913101196289,12
2021-12-12T07:00:00.000,12.529900550842285,12
2021-12-12T07:10:00.000,13.304931640625,18
2021-12-12T07:15:00.000,15.142864227294922,18
2021-12-12T07:20:00.000,16.964996337890625,18
2021-12-12T07:25:00.000,17.877120971679688,18
2021-12-12T07:30:00.000,18.010438919067383,18
2021-12-12T07:40:00.000,18.514429092407227,18
2021-12-12T07:45:00.000,18.83892822265625,18
2021-12-12T07:50:00.000,18.31891441345215,18
2021-12-12T07:55:00.000,18.372173309326172,18
2021-12-12T08:00:00.000,18.815093994140625,18
2021-12-12T08:05:00.000,18.449966430664062,18
2021-12-12T08:10:00.000,18.33643341064453,18
2021-12-12T08:15:00.000,18.710670471191406,18
2021-12-12T08:20:00.000,18.555084228515625,18
2021-12-12T08:30:00.000,18.501800537109375,18
2021-12-12T08:35:00.000,18.608341217041016,18
2021-12-12T08:40:00.000,18.65811538696289,18
2021-12-12T08:50:00.000,18.261215209960938,18
2021-12-12T08:55:00.000,18.415512084960938,18
2021-12-12T09:00:00.000,18.672832489013672,18
2021-12-12T09:05:00.000,18.315364837646484,18
2021-12-12T09:10:00.000,18.65530776977539,18
2021-12-12T09:15:00.000,18.456268310546875,18
2021-12-12T09:20:00.000,18.496219635009766,18
2021-12-12T09:25:00.000,18.718381881713867,18
2021-12-12T09:30:00.000,18.403709411621094,18
2021-12-12T09:35:00.000,18.641292572021484,18
2021-12-12T09:45:00.000,18.388290405273438,18
2021-12-12T09:50:00.000,18.298555374145508,18
2021-12-12T10:00:00.000,18.646198272705078,18
2021-12-12T10:10:00.000,18.484291076660156,18
2021-12-12T10:15:00.000,18.785675048828125,18
2021-12-12T10:20:00.000,18.106346130371094,18
2021-12-12T10:25:00.000,18.321592330932617,18
2021-12-12T10:30:00.000,18.625167846679688,18
2021-12-12T10:35:00.000,18.923091888427734,18
2021-12-12T10:45:00.000,18.242977142333984,18
2021-12-12T10:50:00.000,18.36922836303711,18
2021-12-12T10:55:00.000,18.761878967285156,18
2021-12-12T11:00:00.000,18.26959991455078,18
2021-12-12T11:05:00.000,18.296308517456055,18
2021-12-12T11:10:00.000,18.801124572753906,18
2021-12-12T11:15:00.000,18.787128448486328,18
2021-12-12T11:20:00.000,18.38389015197754,18
2021-12-12T11:25:00.000,18.1298828125,18
2021-12-12T11:30:00.000,18.552230834960938,18
2021-12-12T11:35:00.000,18.383840560913086,18
2021-12-12T11:40:00.000,18.541690826416016,18
2021-12-12T11:45:00.000,18.650409698486328,18
2021-12-12T11:50:00.000,18.477798461914062,18
2021-12-12T11:55:00.000,18.29957389831543,18
2021-12-12T12:00:00.000,18.655317306518555,18
2021-12-12T12:05:00.000,19.094497680664062,18
2021-12-12T12:15:00.000,18.963380813598633,18
2021-12-12T12:20:00.000,18.119199752807617,18
2021-12-12T12:25:00.000,17.922557830810547,18
2021-12-12T12:30:00.000,18.372533798217773,18
2021-12-12T12:35:00.000,19.005523681640625,18
2021-12-12T12:40:00.000,19.065330505371094,18
2021-12-12T12:45:00.000,18.846952438354492,18
2021-12-12T12:55:00.000,18.574644088745117,18
2021-12-12T13:00:00.000,18.118427276611328,18
2021-12-12T13:05:00.000,18.050880432128906,18
2021-12-12T13:10:00.000,18.386497497558594,18
2021-12-12T13:15:00.000,19.09131622314453,18
2021-12-12T13:20:00.000,18.91297149658203,18
2021-12-12T13:30:00.000,18.6518611907959,18
2021-12-12T13:35:00.000,18.24398422241211,18
2021-12-12T13:40:00.000,18.32465171813965,18
2021-12-12T13:50:00.000,18.169404983520508,18
2021-12-12T13:55:00.000,18.432035446166992,18
2021-12-12T14:00:00.000,18.375144958496094,18
2021-12-12T14:05:00.000,18.461624145507812,18
2021-12-12T14:10:00.000,19.060937881469727,18
2021-12-12T14:15:00.000,19.23029327392578,18
2021-12-12T14:20:00.000,19.110336303710938,18
2021-12-12T14:30:00.000,18.862533569335938,18
2021-12-12T14:40:00.000,18.365406036376953,18
2021-12-12T14:45:00.000,18.20443344116211,18
2021-12-12T14:50:00.000,18.378570556640625,18
2021-12-12T15:00:00.000,18.654052734375,18
2021-12-12T15:05:00.000,18.254776000976562,18
2021-12-12T15:10:00.000,18.195598602294922,18
2021-12-12T15:15:00.000,18.289823532104492,18
2021-12-12T15:20:00.000,18.461383819580078,18
2021-12-12T15:25:00.000,18.70962142944336,18
2021-12-12T15:30:00.000,18.95437240600586,18
2021-12-12T15:35:00.000,18.739154815673828,18
2021-12-12T15:40:00.000,18.544391632080078,18
2021-12-12T15:45:00.000,17.764467239379883,18
2021-12-12T15:50:00.000,18.047607421875,18
2021-12-12T16:00:00.000,18.541629791259766,18
2021-12-12T16:05:00.000,18.258405685424805,18
2021-12-12T16:10:00.000,18.414501190185547,18
2021-12-12T16:15:00.000,18.61890411376953,18
2021-12-12T16:25:00.000,18.843063354492188,18
2021-12-12T16:35:00.000,18.524044036865234,18
2021-12-12T16:40:00.000,18.209794998168945,18
2021-12-12T16:45:00.000,18.79743194580078,18
2021-12-12T16:50:00.000,19.076562881469727,18
2021-12-12T17:00:00.000,18.84451675415039,18
2021-12-12T17:05:00.000,18.438316345214844,18
2021-12-12T17:10:00.000,18.052997589111328,18
2021-12-12T17:15:00.000,18.5872745513916,18
2021-12-12T17:20:00.000,18.938072204589844,18
2021-12-12T17:25:00.000,18.363086700439453,18
2021-12-12T17:30:00.000,18.169151306152344,18
2021-12-12T17:35:00.000,18.828369140625,18
2021-12-12T17:40:00.000,18.323583602905273,18
2021-12-12T17:45:00.000,18.516983032226562,18
2021-12-12T17:50:00.000,18.479015350341797,18
2021-12-12T18:00:00.000,18.429044723510742,18
2021-12-12T18:10:00.000,18.32512092590332,18
2021-12-12T18:15:00.000,18.755765914916992,18
2021-12-12T18:20:00.000,18.757911682128906,18
2021-12-12T18:25:00.000,18.146560668945312,18
2021-12-12T18:30:00.000,18.320281982421875,18
2021-12-12T18:40:00.000,18.712316513061523,18
2021-12-12T18:45:00.000,18.300750732421875,18
2021-12-12T18:50:00.000,18.524808883666992,18
2021-12-12T19:00:00.000,18.785812377929688,18
2021-12-12T19:05:00.000,16.70694923400879,12
2021-12-12T19:10:00.000,15.515305519104004,12
2021-12-12T19:15:00.000,14.362772941589355,12
2021-12-12T19:20:00.000,13.454047203063965,12
2021-12-12T19:25:00.000,12.55423641204834,12
2021-12-12T19:30:00.000,11.776793479919434,12
2021-12-12T19:35:00.000,12.299097061157227,12
2021-12-12T19:45:00.000,12.811009407043457,12
2021-12-12T19:55:00.000,12.561054229736328,12
2021-12-12T20:00:00.000,12.318344116210938,12
2021-12-12T20:05:00.000,12.66008186340332,12
2021-12-12T20:10:00.000,12.738641738891602,12
2021-12-12T20:15:00.000,12.239047050476074,12
2021-12-12T20:20:00.000,12.38142204284668,12
2021-12-12T20:30:00.000,12.527714729309082,12
2021-12-12T20:40:00.000,12.547910690307617,12
2021-12-12T20:45:00.000,12.361732482910156,12
2021-12-12T20:50:00.000,12.412115097045898,12
2021-12-12T20:55:00.000,12.618265151977539,12
2021-12-12T21:00:00.000,12.44224739074707,12
2021-12-12T21:05:00.000,12.4515380859375,12
2021-12-12T21:15:00.000,12.482389450073242,12
2021-12-12T21:20:00.000,12.47939682006836,12
2021-12-12T21:25:00.000,12.4534912109375,12
2021-12-12T21:30:00.000,12.44770622253418,12
2021-12-12T21:35:00.000,12.522266387939453,12
2021-12-12T21:40:00.000,12.52734375,12
2021-12-12T21:45:00.000,12.566097259521484,12
2021-12-12T21:50:00.000,12.535244941711426,12
2021-12-12T22:00:00.000,12.461969375610352,12
2021-12-12T22:05:00.000,12.403799057006836,12
2021-12-12T22:10:00.000,12.423779487609863,12
2021-12-12T22:15:00.000,12.559664726257324,12
2021-12-12T22:20:00.000,12.506223678588867,12
2021-12-12T22:25:00.000,12.580984115600586,12
2021-12-12T22:30:00.000,12.491769790649414,12
2021-12-12T22:35:00.000,12.426758766174316,12
2021-12-12T22:40:00.000,12.5769624710083,12
2021-12-12T22:45:00.000,12.48023796081543,12
2021-12-12T22:55:00.000,12.52245044708252,12
2021-12-12T23:00:00.000,12.45084285736084,12
2021-12-12T23:05:00.000,12.380868911743164,12
2021-12-12T23:15:00.000,12.441408157348633,12
2021-12-12T23:20:00.000,12.546131134033203,12
2021-12-12T23:25:00.000,12.378937721252441,12
2021-12-12T23:30:00.000,12.617603302001953,12
2021-12-12T23:35:00.000,12.51824951171875,12
2021-12-12T23:40:00.000,12.4439058303833,12
2021-12-12T23:45:00.000,12.41932201385498,12
2021-12-12T23:50:00.000,12.534370422363281,12
2021-12-13T00:00:00.000,12.626960754394531,12
2021-12-13T00:05:00.000,12.523165702819824,12
2021-12-13T00:10:00.000,12.37186050415039,12
2021-12-13T00:15:00.000,12.442583084106445,12
2021-12-13T00:20:00.000,12.494329452514648,12
2021-12-13T00:25:00.000,12.585779190063477,12
2021-12-13T00:35:00.000,12.562604904174805,12
2021-12-13T00:40:00.000,12.397664070129395,12
2021-12-13T00:45:00.000,12.544961929321289,12
2021-12-13T00:50:00.000,12.53353500366211,12
2021-12-13T00:55:00.000,12.60610580444336,12
2021-12-13T01:00:00.000,12.441282272338867,12
2021-12-13T01:05:00.000,12.275299072265625,12
2021-12-13T01:10:00.000,12.545488357543945,12
2021-12-13T01:15:00.000,12.560829162597656,12
2021-12-13T01:20:00.000,12.438713073730469,12
2021-12-13T01:25:00.000,12.529254913330078,12
2021-12-13T01:30:00.000,12.658500671386719,12
2021-12-13T01:35:00.000,12.5450439453125,12
2021-12-13T01:45:00.000,12.36796760559082,12
2021-12-13T01:50:00.000,12.425771713256836,12
2021-12-13T01:55:00.000,12.508432388305664,12
2021-12-13T02:05:00.000,12.453092575073242,12
2021-12-13T02:15:00.000,12.58745002746582,12
2021-12-13T02:20:00.000,12.29017448425293,12
2021-12-13T02:25:00.000,12.4623384475708,12
2021-12-13T02:35:00.000,12.682207107543945,12
2021-12-13T02:40:00.000,12.415671348571777,12
2021-12-13T02:45:00.000,12.511231422424316,12
2021-12-13T02:50:00.000,12.654844284057617,12
2021-12-13T02:55:00.000,12.60964584350586,12
2021-12-13T03:05:00.000,12.430060386657715,12
2021-12-13T03:10:00.000,12.564467430114746,12
2021-12-13T03:20:00.000,12.568029403686523,12
2021-12-13T03:25:00.000,12.50759506225586,12
2021-12-13T03:30:00.000,12.4306001663208,12
2021-12-13T03:35:00.000,12.409021377563477,12
2021-12-13T03:40:00.000,12.532112121582031,12
2021-12-13T03:45:00.000,12.422178268432617,12
2021-12-13T03:50:00.000,12.473933219909668,12
2021-12-13T03:55:00.000,12.548609733581543,12
2021-12-13T04:05:00.000,12.524240493774414,12
2021-12-13T04:10:00.000,12.442272186279297,12
2021-12-13T04:15:00.000,12.55584716796875,12
2021-12-13T04:20:00.000,12.642705917358398,12
2021-12-13T04:30:00.000,12.321446418762207,12
2021-12-13T04:35:00.000,12.578006744384766,12
2021-12-13T04:40:00.000,12.65982723236084,12
2021-12-13T04:45:00.000,12.49675178527832,12
2021-12-13T04:50:00.000,12.291709899902344,12
2021-12-13T04:55:00.000,12.375818252563477,12
2021-12-13T05:05:00.000,12.589201927185059,12
2021-12-13T05:10:00.000,12.423611640930176,12
2021-12-13T05:20:00.000,12.419296264648438,12
2021-12-13T05:25:00.000,12.456680297851562,12
2021-12-13T05:30:00.000,12.457398414611816,12
2021-12-13T05:35:00.000,12.514883041381836,12
2021-12-13T05:40:00.000,12.546446800231934,12
2021-12-13T05:45:00.000,12.510488510131836,12
2021-12-13T05:50:00.000,12.590917587280273,12
2021-12-13T05:55:00.000,12.48615837097168,12
2021-12-13T06:05:00.000,12.58888053894043,12
2021-12-13T06:10:00.000,12.502629280090332,12
2021-12-13T06:15:00.000,12.360919952392578,12
2021-12-13T06:20:00.000,12.505375862121582,12
2021-12-13T06:25:00.000,12.72152042388916,12
2021-12-13T06:30:00.000,12.471015930175781,12
2021-12-13T06:35:00.000,12.473033905029297,12
2021-12-13T06:40:00.000,12.505932807922363,12
2021-12-13T06:45:00.000,12.568188667297363,12
2021-12-13T06:50:00.000,12.665523529052734,12
2021-12-13T06:55:00.000,12.472837448120117,12
2021-12-13T07:00:00.000,12.43549919128418,12
2021-12-13T07:05:00.000,12.627426147460938,18
2021-12-13T07:10:00.000,13.174429893493652,18
2021-12-13T07:15:00.000,14.696434020996094,18
2021-12-13T07:20:00.000,18.043317794799805,18
2021-12-13T07:25:00.000,18.581714630126953,18
2021-12-13T07:30:00.000,18.881000518798828,18
2021-12-13T07:35:00.000,18.58171844482422,18
2021-12-13T07:40:00.000,18.506736755371094,18
2021-12-13T07:45:00.000,18.47169303894043,18
2021-12-13T07:50:00.000,18.45766830444336,18
2021-12-13T07:55:00.000,18.402305603027344,18
2021-12-13T08:05:00.000,18.676332473754883,18
2021-12-13T08:10:00.000,18.099462509155273,18
2021-12-13T08:15:00.000,18.43031883239746,18
2021-12-13T08:20:00.000,18.603443145751953,18
2021-12-13T08:30:00.000,18.527048110961914,18
2021-12-13T08:35:00.000,18.575414657592773,18
2021-12-13T08:40:00.000,18.478700637817383,18
2021-12-13T08:45:00.000,18.550886154174805,18
2021-12-13T08:50:00.000,18.530563354492188,18
2021-12-13T08:55:00.000,18.501129150390625,18
2021-12-13T09:00:00.000,18.515846252441406,18
2021-12-13T09:05:00.000,18.614662170410156,18
2021-12-13T09:10:00.000,18.376379013061523,18
2021-12-13T09:15:00.000,18.544578552246094,18
2021-12-13T09:20:00.000,18.84102439880371,18
2021-12-13T09:25:00.000,18.189865112304688,18
2021-12-13T09:35:00.000,18.500417709350586,18
2021-12-13T09:40:00.000,18.400157928466797,18
2021-12-13T09:45:00.000,18.326576232910156,18
2021-12-13T09:50:00.000,18.98261260986328,18
2021-12-13T10:00:00.000,18.444995880126953,18
2021-12-13T10:05:00.000,18.9034423828125,18
2021-12-13T10:10:00.000,18.561363220214844,18
2021-12-13T10:15:00.000,18.110464096069336,18
2021-12-13T10:20:00.000,18.51299476623535,18
2021-12-13T10:25:00.000,18.571170806884766,18
2021-12-13T10:30:00.000,18.73172378540039,18
2021-12-13T10:35:00.000,18.627262115478516,18
2021-12-13T10:45:00.000,18.330575942993164,18
2021-12-13T10:50:00.000,18.931577682495117,18
2021-12-13T10:55:00.000,18.749298095703125,18
2021-12-13T11:05:00.000,18.546592712402344,18
2021-12-13T11:10:00.000,18.425880432128906,18
2021-12-13T11:15:00.000,18.267333984375,
2021-12-13T11:20:00.000,,18
2021-12-13T11:25:00.000,18.350107192993164,18
2021-12-13T11:30:00.000,18.36343765258789,18
2021-12-13T11:35:00.000,18.776687622070312,18
2021-12-13T11:40:00.000,18.969738006591797,18
2021-12-13T11:45:00.000,19.06032943725586,18
2021-12-13T11:50:00.000,18.84908676147461,18
2021-12-13T11:55:00.000,18.64763832092285,18
2021-12-13T12:05:00.000,18.472196578979492,18
2021-12-13T12:10:00.000,18.22787857055664,18
2021-12-13T12:20:00.000,18.363313674926758,18
2021-12-13T12:25:00.000,18.59571647644043,18
2021-12-13T12:30:00.000,18.81411361694336,18
2021-12-13T12:35:00.000,18.962894439697266,18
2021-12-13T12:45:00.000,18.90947723388672,18
2021-12-13T12:50:00.000,18.707975387573242,18
2021-12-13T13:00:00.000,18.60901641845703,18
2021-12-13T13:10:00.000,18.411117553710938,18
2021-12-13T13:15:00.000,18.44264793395996,18
2021-12-13T13:20:00.000,18.691205978393555,18
2021-12-13T13:25:00.000,18.866737365722656,18
2021-12-13T13:30:00.000,18.991729736328125,18
2021-12-13T13:35:00.000,19.04928970336914,18
2021-12-13T13:40:00.000,18.837234497070312,18
2021-12-13T13:50:00.000,17.750600814819336,18
2021-12-13T13:55:00.000,18.755786895751953,18
2021-12-13T14:00:00.000,18.91524887084961,18
2021-12-13T14:05:00.000,18.789600372314453,18
2021-12-13T14:10:00.000,18.167085647583008,18
2021-12-13T14:15:00.000,17.834529876708984,18
2021-12-13T14:25:00.000,18.41661834716797,18
2021-12-13T14:30:00.000,18.677200317382812,18
2021-12-13T14:35:00.000,18.450336456298828,18
2021-12-13T14:45:00.000,18.422266006469727,18
2021-12-13T14:55:00.000,18.411884307861328,18
2021-12-13T15:00:00.000,18.411148071289062,18
2021-12-13T15:05:00.000,18.95867156982422,18
2021-12-13T15:10:00.000,18.894174575805664,18
2021-12-13T15:15:00.000,18.732690811157227,18
2021-12-13T15:25:00.000,18.737628936767578,18
2021-12-13T15:30:00.000,17.747425079345703,18
2021-12-13T15:35:00.000,18.08292007446289,18
2021-12-13T15:40:00.000,18.884998321533203,18
2021-12-13T15:45:00.000,18.982698440551758,18
2021-12-13T15:50:00.000,18.587291717529297,18
2021-12-13T15:55:00.000,17.82257843017578,18